packet_id;rssi;pacotes_recebidos;pacotes_perdidos;prr;snr;timestamp_ms
26;-92.00;1;0;100.00-21.75;12841;
28;-92.00;2;1;66.67-21.25;18793;
29;-91.00;3;1;75.00-21.00;21769;
30;-92.00;4;1;80.00-22.25;24745;
31;-92.00;5;1;83.33-21.50;27721;
32;-91.00;6;1;85.71-22.00;30697;
34;-91.00;7;2;77.78-21.25;36649;
35;-92.00;8;2;80.00-20.75;39625;
36;-93.00;9;2;81.82-22.00;42601;
44;-93.00;10;9;52.63-21.25;873;
45;-95.00;11;9;55.00-18.50;3849;
46;-94.00;12;9;57.14-21.00;6825;
50;-95.00;13;12;52.00-21.50;18729;
51;-97.00;14;12;53.85-19.25;21705;
52;-97.00;15;12;55.56-19.50;24681;
53;-96.00;16;12;57.14-18.75;27657;
54;-97.00;17;12;58.62-19.25;30633;
55;-96.00;18;12;60.00-20.00;33609;
